{
  "epoch": 39,
  "train_acc": 0.9729078248477303,
  "train_loss": 0.03792792602354502,
  "train_loss_cls": 0.07423473833955724,
  "train_loss_ft": 0.00162111366660472,
  "val_acc": 0.9769892803657012,
  "val_loss": 0.06239005531381322,
  "best_val_acc": 0.9780182637621425,
  "step": 53696,
  "val_step": 13113
}